customer_id,customer_name,region_id
1,Customer 1,3
2,Customer 2,4
3,Customer 3,1
4,Customer 4,3
5,Customer 5,3
6,Customer 6,4
7,Customer 7,1
8,Customer 8,1
9,Customer 9,3
10,Customer 10,2
11,Customer 11,3
12,Customer 12,3
13,Customer 13,3
14,Customer 14,3
15,Customer 15,4
16,Customer 16,1
17,Customer 17,4
18,Customer 18,4
19,Customer 19,4
20,Customer 20,3
